to,3,0.0652174
Linguapress,3,0.0652174
for,2,0.0434783
be,2,0.0434783
anyone,2,0.0434783
and,2,0.0434783
from,2,0.0434783
accessed,1,0.0217391
a,1,0.0217391
No,1,0.0217391
anywhere,1,0.0217391
are,1,0.0217391
Just,1,0.0217391
by,1,0.0217391
can,1,0.0217391
Discover,1,0.0217391
free,1,0.0217391
there,1,0.0217391
use,1,0.0217391
google,1,0.0217391
in,1,0.0217391
it,1,0.0217391
learning,1,0.0217391
log,1,0.0217391
need,1,0.0217391
network,1,0.0217391
on,1,0.0217391
online,1,0.0217391
or,1,0.0217391
pages,1,0.0217391
resources,1,0.0217391
school,1,0.0217391
take,1,0.0217391
texts,1,0.0217391
absolutely,1,0.0217391
All,1,0.0217391
worksheets,1,0.0217391
